{
	"parent": "orium:machines/diamondsteel_axe",
	"display": {
		"icon": {
			"item": "minecraft:diamond_axe",
			"nbt":"{CustomModelData:1}"
		},
		"title": {
			"text": "Either Foolishness or Brilliance..."
		},
		"description": {
			"text": "Break a diamondsteel axe...somehow"
		},
		"frame": "challenge",
		"show_toast": true,
		"announce_to_chat": true,
		"hidden": true
	},
	"rewards": {
		"experience": 100
	},
	"criteria": {
		"broke_axe": {
			"trigger": "minecraft:item_durability_changed",
			"conditions": {
				"item": {
					"item": "minecraft:diamond_axe"
				},
				"durability": 0
			}
		}
	},
	"requirements": [
		[
			"broke_axe"
		]
	]
}