{
	"parent":"orium:machines/diamondsteel",
	"display": {
		"icon": {
			"item": "minecraft:diamond_sword",
			"nbt":"{CustomModelData:1}"
		},
		"title": {
			"text": "The Swordsman"
		},
		"description": {
			"text": "Create a diamondsteel sword"
		},
		"frame": "goal",
		"show_toast": true,
		"announce_to_chat": true,
		"hidden": false
	},
	"criteria": {
		"diamondsteel": {
			"trigger": "minecraft:inventory_changed",
			"conditions": {
				"items": [
					{
						"item": "minecraft:diamond_sword",
						"nbt":"{diamondsteel:true}"
					}
				]
			}
		}
	},
	"requirements": [
		[
			"diamondsteel"
		]
	]
}