{
	"parent":"orium:machines/electerium",
	"display": {
		"icon": {
			"item": "minecraft:furnace",
			"nbt":"{display:{Name:\"Thermic Oven\"},Enchantments:[{}]}"
		},
		"title": {
			"text": "Advanced Cooking"
		},
		"description": {
			"text": "Construct a Thermic Oven"
		},
		"frame": "goal",
		"show_toast": true,
		"announce_to_chat": true,
		"hidden": false
	},
	"criteria": {
		"compressor": {
			"trigger": "minecraft:inventory_changed",
			"conditions": {
				"items": [
					{
						"item": "minecraft:furnace",
						"nbt":"{display:{Name:\"{\\\"italic\\\":false,\\\"text\\\":\\\"Thermic Oven\\\"}\"}}"
					}
				]
			}
		}
	},
	"requirements": [
		[
			"compressor"
		]
	]
}