{
	"parent":"orium:machines/root",
	"display": {
		"icon": {
			"item": "minecraft:hopper",
			"nbt":"{CustomModelData:1}"
		},
		"title": {
			"text": "Industrial Mining Operations"
		},
		"description": {
			"text": "Construct a Quarry"
		},
		"frame": "goal",
		"show_toast": true,
		"announce_to_chat": true,
		"hidden": false
	},
	"criteria": {
		"quarry": {
			"trigger": "minecraft:inventory_changed",
			"conditions": {
				"items": [
					{
						"item": "minecraft:hopper",
						"nbt":"{display:{Name:\"{\\\"italic\\\":false,\\\"text\\\":\\\"Quarry\\\"}\"}}"
					}
				]
			}
		}
	},
	"requirements": [
		[
			"quarry"
		]
	]
}