{
  "display": {
    "icon": {
      "item": "minecraft:redstone"
    },
    "title": {
      "text": "Mechanisms"
    },
    "description": {
      "text": "For when manual work is out of style"
    },
    "frame": "task",
    "show_toast": true,
    "announce_to_chat": true,
    "hidden": false,
    "background": "minecraft:textures/block/redstone_block.png"
  },
  "criteria": {
    "impossible": {
      "trigger": "minecraft:impossible"
    }
  },
  "requirements": [
    [
      "impossible"
    ]
  ]
}