{
    "pools": [
        {
            "rolls": 1,
            "entries": [
                {
                    "type": "item",
                    "name": "minecraft:book",
                    "weight": 8,
					"functions":[
						{
							"function":"set_nbt",
							"tag":"{CustomModelData:1,Enchantments:[{}],bookDivinity:{id:\"orium:soul_of_the_sea\"}}"
						},
						{
							"function":"set_name",
							"name":{"text":"Divine Book","color":"yellow","italic":"false"}
						},
						{
							"function":"set_lore",
							"lore": [
								{"text":"Soul of the Sea","color":"dark_aqua","italic":"false"},
								{"text":"Common","color":"green","italic":"false"},
								{"text":"Grants Eternal Water Breathing","color":"dark_green","italic":"false"},
								{"text":"Apply to Headpiece","color":"light_purple","italic":"false"},
								{"text":"-Respiration III","color":"dark_purple","italic":"false"},
								{"text":"-Aqua Affinity","color":"dark_purple","italic":"false"}
							]
						}
					]
                },
				{
                    "type": "item",
                    "name": "minecraft:book",
                    "weight": 8,
					"functions":[
						{
							"function":"set_nbt",
							"tag":"{CustomModelData:1,Enchantments:[{}],bookDivinity:{id:\"orium:spirit_vision\"}}"
						},
						{
							"function":"set_name",
							"name":{"text":"Divine Book","color":"yellow","italic":"false"}
						},
						{
							"function":"set_lore",
							"lore": [
								{"text":"Spirit Vision","color":"dark_aqua","italic":"false"},
								{"text":"Common","color":"green","italic":"false"},
								{"text":"Grants View of all Weak-Spirited Mobs","color":"dark_green","italic":"false"},
								{"text":"up to 16 Blocks Away When Sneaking,","color":"dark_green","italic":"false"},
								{"text":"Induces Blindness on User Slightly","color":"dark_green","italic":"false"},
								{"text":"Longer Than Time Spent Sneaking","color":"dark_green","italic":"false"},
								{"text":"Apply to Headpiece","color":"light_purple","italic":"false"}
							]
						}
					]
                },
				{
                    "type": "item",
                    "name": "minecraft:book",
                    "weight": 4,
					"functions":[
						{
							"function":"set_nbt",
							"tag":"{CustomModelData:1,Enchantments:[{}],bookDivinity:{id:\"orium:recovery\"}}"
						},
						{
							"function":"set_name",
							"name":{"text":"Divine Book","color":"yellow","italic":"false"}
						},
						{
							"function":"set_lore",
							"lore": [
								{"text":"Recovery","color":"dark_aqua","italic":"false"},
								{"text":"Uncommon","color":"dark_red","italic":"false"},
								{"text":"Grants Superior Regeneration","color":"dark_green","italic":"false"},
								{"text":"Unless Starving","color":"dark_green","italic":"false"},
								{"text":"Apply to Chestpiece","color":"light_purple","italic":"false"}
							]
						}
					]
                },
				{
                    "type": "item",
                    "name": "minecraft:book",
                    "weight": 4,
					"functions":[
						{
							"function":"set_nbt",
							"tag":"{CustomModelData:1,Enchantments:[{}],bookDivinity:{id:\"orium:hells_mercy\"}}"
						},
						{
							"function":"set_name",
							"name":{"text":"Divine Book","color":"yellow","italic":"false"}
						},
						{
							"function":"set_lore",
							"lore": [
								{"text":"Hell's Mercy","color":"dark_aqua","italic":"false"},
								{"text":"Uncommon","color":"dark_red","italic":"false"},
								{"text":"Grants Immunity to Flames","color":"dark_green","italic":"false"},
								{"text":"Apply to Chestpiece","color":"light_purple","italic":"false"},
								{"text":"-Fire Protection IV","color":"dark_purple","italic":"false"}
							]
						}
					]
                },
				{
                    "type": "item",
                    "name": "minecraft:book",
                    "weight": 8,
					"functions":[
						{
							"function":"set_nbt",
							"tag":"{CustomModelData:1,Enchantments:[{}],bookDivinity:{id:\"orium:swiftness\"}}"
						},
						{
							"function":"set_name",
							"name":{"text":"Divine Book","color":"yellow","italic":"false"}
						},
						{
							"function":"set_lore",
							"lore": [
								{"text":"Swiftness","color":"dark_aqua","italic":"false"},
								{"text":"Common","color":"green","italic":"false"},
								{"text":"Grants Additional Walking Speed","color":"dark_green","italic":"false"},
								{"text":"Apply to Legwear","color":"light_purple","italic":"false"}
							]
						}
					]
                },
				{
                    "type": "item",
                    "name": "minecraft:book",
                    "weight": 8,
					"functions":[
						{
							"function":"set_nbt",
							"tag":"{CustomModelData:1,Enchantments:[{}],bookDivinity:{id:\"orium:waverider\"}}"
						},
						{
							"function":"set_name",
							"name":{"text":"Divine Book","color":"yellow","italic":"false"}
						},
						{
							"function":"set_lore",
							"lore": [
								{"text":"Waverider","color":"dark_aqua","italic":"false"},
								{"text":"Common","color":"green","italic":"false"},
								{"text":"Grants Additional Swimming Speed","color":"dark_green","italic":"false"},
								{"text":"Apply to Legwear","color":"light_purple","italic":"false"}
							]
						}
					]
                },
				{
                    "type": "item",
                    "name": "minecraft:book",
                    "weight": 8,
					"functions":[
						{
							"function":"set_nbt",
							"tag":"{CustomModelData:1,Enchantments:[{}],bookDivinity:{id:\"orium:gravity_magic\"}}"
						},
						{
							"function":"set_name",
							"name":{"text":"Divine Book","color":"yellow","italic":"false"}
						},
						{
							"function":"set_lore",
							"lore": [
								{"text":"Gravity Magic","color":"dark_aqua","italic":"false"},
								{"text":"Common","color":"green","italic":"false"},
								{"text":"Grants Additional Jumping Height","color":"dark_green","italic":"false"},
								{"text":"Apply to Footwear","color":"light_purple","italic":"false"},
								{"text":"-Feather Falling IV","color":"dark_purple","italic":"false"}
							]
						}
					]
                },
				{
                    "type": "item",
                    "name": "minecraft:book",
                    "weight": 1,
					"functions":[
						{
							"function":"set_nbt",
							"tag":"{CustomModelData:1,Enchantments:[{}],bookDivinity:{id:\"orium:hellwalker\"}}"
						},
						{
							"function":"set_name",
							"name":{"text":"Divine Book","color":"yellow","italic":"false"}
						},
						{
							"function":"set_lore",
							"lore": [
								{"text":"Hellwalker","color":"dark_aqua","italic":"false"},
								{"text":"Epic","color":"gold","italic":"false"},
								{"text":"Grants the Ability to","color":"dark_green","italic":"false"},
								{"text":"Walk Across Lava","color":"dark_green","italic":"false"},
								{"text":"Apply to Footwear","color":"light_purple","italic":"false"},
								{"text":"-Frost Walker II","color":"dark_purple","italic":"false"}
							]
						}
					]
                },
				{
                    "type": "item",
                    "name": "minecraft:book",
                    "weight": 2,
					"functions":[
						{
							"function":"set_nbt",
							"tag":"{CustomModelData:1,Enchantments:[{}],bookDivinity:{id:\"orium:aura_of_war\"}}"
						},
						{
							"function":"set_name",
							"name":{"text":"Divine Book","color":"yellow","italic":"false"}
						},
						{
							"function":"set_lore",
							"lore": [
								{"text":"Aura of War","color":"dark_aqua","italic":"false"},
								{"text":"Rare","color":"aqua","italic":"false"},
								{"text":"Grants Superior Strength in Combat","color":"dark_green","italic":"false"},
								{"text":"Apply to Mainhand Weapon","color":"light_purple","italic":"false"},
								{"text":"-Sharpness V","color":"dark_purple","italic":"false"},
								{"text":"Apply to Trident","color":"light_purple","italic":"false"},
								{"text":"-Impaling V","color":"dark_purple","italic":"false"}
							]
						}
					]
                },
				{
                    "type": "item",
                    "name": "minecraft:book",
                    "weight": 4,
					"functions":[
						{
							"function":"set_nbt",
							"tag":"{CustomModelData:1,Enchantments:[{}],bookDivinity:{id:\"orium:frostbite\"}}"
						},
						{
							"function":"set_name",
							"name":{"text":"Divine Book","color":"yellow","italic":"false"}
						},
						{
							"function":"set_lore",
							"lore": [
								{"text":"Frostbite","color":"dark_aqua","italic":"false"},
								{"text":"Uncommon","color":"dark_red","italic":"false"},
								{"text":"Paralyzes Enemies for a Short Time","color":"dark_green","italic":"false"},
								{"text":"Apply to Mainhand Weapon","color":"light_purple","italic":"false"}
							]
						}
					]
                },
				{
                    "type": "item",
                    "name": "minecraft:book",
                    "weight": 2,
					"functions":[
						{
							"function":"set_nbt",
							"tag":"{CustomModelData:1,Enchantments:[{}],bookDivinity:{id:\"orium:toxicity\"}}"
						},
						{
							"function":"set_name",
							"name":{"text":"Divine Book","color":"yellow","italic":"false"}
						},
						{
							"function":"set_lore",
							"lore": [
								{"text":"Toxicity","color":"dark_aqua","italic":"false"},
								{"text":"Rare","color":"aqua","italic":"false"},
								{"text":"Inflicts Lasting Wounds Upon Enemies","color":"dark_green","italic":"false"},
								{"text":"Apply to Mainhand Weapon","color":"light_purple","italic":"false"}
							]
						}
					]
                },
				{
                    "type": "item",
                    "name": "minecraft:book",
                    "weight": 1,
					"functions":[
						{
							"function":"set_nbt",
							"tag":"{CustomModelData:1,Enchantments:[{}],bookDivinity:{id:\"orium:vampirism\"}}"
						},
						{
							"function":"set_name",
							"name":{"text":"Divine Book","color":"yellow","italic":"false"}
						},
						{
							"function":"set_lore",
							"lore": [
								{"text":"Vampirism","color":"dark_aqua","italic":"false"},
								{"text":"Epic","color":"gold","italic":"false"},
								{"text":"Steals the Very Life From Enemies","color":"dark_green","italic":"false"},
								{"text":"Apply to Mainhand Weapon","color":"light_purple","italic":"false"}
							]
						}
					]
                },
				{
                    "type": "item",
                    "name": "minecraft:book",
                    "weight": 8,
					"functions":[
						{
							"function":"set_nbt",
							"tag":"{CustomModelData:1,Enchantments:[{}],bookDivinity:{id:\"orium:excavation\"}}"
						},
						{
							"function":"set_name",
							"name":{"text":"Divine Book","color":"yellow","italic":"false"}
						},
						{
							"function":"set_lore",
							"lore": [
								{"text":"Excavation","color":"dark_aqua","italic":"false"},
								{"text":"Common","color":"green","italic":"false"},
								{"text":"Grants Mining Proficiency","color":"dark_green","italic":"false"},
								{"text":"Apply to Mainhand Tool","color":"light_purple","italic":"false"},
								{"text":"-Efficiency V","color":"dark_purple","italic":"false"}
							]
						}
					]
                },
				{
                    "type": "item",
                    "name": "minecraft:book",
                    "weight": 8,
					"functions":[
						{
							"function":"set_nbt",
							"tag":"{CustomModelData:1,Enchantments:[{}],bookDivinity:{id:\"orium:expertise\"}}"
						},
						{
							"function":"set_name",
							"name":{"text":"Divine Book","color":"yellow","italic":"false"}
						},
						{
							"function":"set_lore",
							"lore": [
								{"text":"Expertise","color":"dark_aqua","italic":"false"},
								{"text":"Common","color":"green","italic":"false"},
								{"text":"Increases Experience Gain","color":"dark_green","italic":"false"},
								{"text":"Apply to Handheld Item","color":"light_purple","italic":"false"}
							]
						}
					]
                },
				{
                    "type": "item",
                    "name": "minecraft:book",
                    "weight": 4,
					"functions":[
						{
							"function":"set_nbt",
							"tag":"{CustomModelData:1,Enchantments:[{}],bookDivinity:{id:\"orium:magnetism\"}}"
						},
						{
							"function":"set_name",
							"name":{"text":"Divine Book","color":"yellow","italic":"false"}
						},
						{
							"function":"set_lore",
							"lore": [
								{"text":"Magnetism","color":"dark_aqua","italic":"false"},
								{"text":"Uncommon","color":"dark_red","italic":"false"},
								{"text":"Item Pickup Radius is","color":"dark_green","italic":"false"},
								{"text":"Increased to 7 Blocks","color":"dark_green","italic":"false"},
								{"text":"Apply to Handheld Item","color":"light_purple","italic":"false"}
							]
						}
					]
                },
				{
                    "type": "item",
                    "name": "minecraft:book",
                    "weight": 1,
					"functions":[
						{
							"function":"set_nbt",
							"tag":"{CustomModelData:1,Enchantments:[{}],bookDivinity:{id:\"orium:luck\"}}"
						},
						{
							"function":"set_name",
							"name":{"text":"Divine Book","color":"yellow","italic":"false"}
						},
						{
							"function":"set_lore",
							"lore": [
								{"text":"Luck","color":"dark_aqua","italic":"false"},
								{"text":"Epic","color":"gold","italic":"false"},
								{"text":"Grants Infinite Luck V","color":"dark_green","italic":"false"},
								{"text":"Apply to Handheld Item","color":"light_purple","italic":"false"}
							]
						}
					]
                },
				{
                    "type": "item",
                    "name": "minecraft:book",
                    "weight": 4,
					"functions":[
						{
							"function":"set_nbt",
							"tag":"{CustomModelData:1,Enchantments:[{}],bookDivinity:{id:\"orium:splitfire\"}}"
						},
						{
							"function":"set_name",
							"name":{"text":"Divine Book","color":"yellow","italic":"false"}
						},
						{
							"function":"set_lore",
							"lore": [
								{"text":"Splitfire","color":"dark_aqua","italic":"false"},
								{"text":"Uncommon","color":"dark_red","italic":"false"},
								{"text":"Multiplies Arrow","color":"dark_green","italic":"false"},
								{"text":"Output and Consumption","color":"dark_green","italic":"false"},
								{"text":"Apply to Bow","color":"light_purple","italic":"false"}
							]
						}
					]
                },
				{
                    "type": "item",
                    "name": "minecraft:book",
                    "weight": 8,
					"functions":[
						{
							"function":"set_nbt",
							"tag":"{CustomModelData:1,Enchantments:[{}],bookDivinity:{id:\"orium:tension\"}}"
						},
						{
							"function":"set_name",
							"name":{"text":"Divine Book","color":"yellow","italic":"false"}
						},
						{
							"function":"set_lore",
							"lore": [
								{"text":"Tension","color":"dark_aqua","italic":"false"},
								{"text":"Common","color":"green","italic":"false"},
								{"text":"Increases Arrow Damage,","color":"dark_green","italic":"false"},
								{"text":"Speed and Range","color":"dark_green","italic":"false"},
								{"text":"Apply to Bow","color":"light_purple","italic":"false"}
							]
						}
					]
                },
				{
                    "type": "item",
                    "name": "minecraft:book",
                    "weight": 2,
					"functions":[
						{
							"function":"set_nbt",
							"tag":"{CustomModelData:1,Enchantments:[{}],bookDivinity:{id:\"orium:scatter\"}}"
						},
						{
							"function":"set_name",
							"name":{"text":"Divine Book","color":"yellow","italic":"false"}
						},
						{
							"function":"set_lore",
							"lore": [
								{"text":"Scatter","color":"dark_aqua","italic":"false"},
								{"text":"Rare","color":"aqua","italic":"false"},
								{"text":"When Sneaking,","color":"dark_green","italic":"false"},
								{"text":"Sprays in all Directions","color":"dark_green","italic":"false"},
								{"text":"Apply to Bow","color":"light_purple","italic":"false"}
							]
						}
					]
                },
				{
                    "type": "item",
                    "name": "minecraft:book",
                    "weight": 4,
					"functions":[
						{
							"function":"set_nbt",
							"tag":"{CustomModelData:1,Enchantments:[{}],bookDivinity:{id:\"orium:everlasting\"}}"
						},
						{
							"function":"set_name",
							"name":{"text":"Divine Book","color":"yellow","italic":"false"}
						},
						{
							"function":"set_lore",
							"lore": [
								{"text":"Everlasting","color":"dark_aqua","italic":"false"},
								{"text":"Uncommon","color":"dark_red","italic":"false"},
								{"text":"Item Can no Longer","color":"dark_green","italic":"false"},
								{"text":"Break From Usage","color":"dark_green","italic":"false"},
								{"text":"Apply to Consumable Item","color":"light_purple","italic":"false"},
								{"text":"-Unbreaking III","color":"dark_purple","italic":"false"}
							]
						}
					]
                },
				{
                    "type": "item",
                    "name": "minecraft:book",
                    "weight": 4,
					"functions":[
						{
							"function":"set_nbt",
							"tag":"{CustomModelData:1,Enchantments:[{}],bookDivinity:{id:\"orium:temporal_bolt\"}}"
						},
						{
							"function":"set_name",
							"name":{"text":"Divine Book","color":"yellow","italic":"false"}
						},
						{
							"function":"set_lore",
							"lore": [
								{"text":"Temporal Bolt","color":"dark_aqua","italic":"false"},
								{"text":"Uncommon","color":"dark_red","italic":"false"},
								{"text":"Teleports to Arrow","color":"dark_green","italic":"false"},
								{"text":"Upon Hitting a Block","color":"dark_green","italic":"false"},
								{"text":"Apply to Crossbow","color":"light_purple","italic":"false"}
							]
						}
					]
                },
				{
                    "type": "item",
                    "name": "minecraft:book",
                    "weight": 2,
					"functions":[
						{
							"function":"set_nbt",
							"tag":"{CustomModelData:1,Enchantments:[{}],bookDivinity:{id:\"orium:concussive\"}}"
						},
						{
							"function":"set_name",
							"name":{"text":"Divine Book","color":"yellow","italic":"false"}
						},
						{
							"function":"set_lore",
							"lore": [
								{"text":"Concussive","color":"dark_aqua","italic":"false"},
								{"text":"Rare","color":"aqua","italic":"false"},
								{"text":"Explodes Upon Hitting a Block","color":"dark_green","italic":"false"},
								{"text":"Apply to Crossbow","color":"light_purple","italic":"false"}
							]
						}
					]
                },
				{
                    "type": "item",
                    "name": "minecraft:book",
                    "weight": 2,
					"functions":[
						{
							"function":"set_nbt",
							"tag":"{CustomModelData:1,Enchantments:[{}],bookDivinity:{id:\"orium:smiting\"}}"
						},
						{
							"function":"set_name",
							"name":{"text":"Divine Book","color":"yellow","italic":"false"}
						},
						{
							"function":"set_lore",
							"lore": [
								{"text":"Smiting","color":"dark_aqua","italic":"false"},
								{"text":"Rare","color":"aqua","italic":"false"},
								{"text":"Summons Lightning Upon","color":"dark_green","italic":"false"},
								{"text":"Hitting a Block at Night","color":"dark_green","italic":"false"},
								{"text":"or in The End","color":"dark_green","italic":"false"},
								{"text":"Apply to Crossbow","color":"light_purple","italic":"false"}
							]
						}
					]
                },
				{
                    "type": "item",
                    "name": "minecraft:book",
                    "weight": 1,
					"functions":[
						{
							"function":"set_nbt",
							"tag":"{CustomModelData:1,Enchantments:[{}],bookDivinity:{id:\"orium:fortification\"}}"
						},
						{
							"function":"set_name",
							"name":{"text":"Divine Book","color":"yellow","italic":"false"}
						},
						{
							"function":"set_lore",
							"lore": [
								{"text":"Fortification","color":"dark_aqua","italic":"false"},
								{"text":"Epic","color":"gold","italic":"false"},
								{"text":"Increases Maximum Health","color":"dark_green","italic":"false"},
								{"text":"Apply to Armour","color":"light_purple","italic":"false"},
								{"text":"-Protection IV","color":"dark_purple","italic":"false"},
								{"text":"Apply to Elytra","color":"light_purple","italic":"false"},
								{"text":"Apply to Shield","color":"light_purple","italic":"false"},
								{"text":"Apply to Turtle Shell","color":"light_purple","italic":"false"}
							]
						}
					]
                }
			]
        }
    ]
}