{
    "pools": [
        {
            "rolls": 1,
            "entries": [
                {
                    "type": "item",
                    "name": "minecraft:stone",
                    "weight": 1
                },
				{
                    "type": "item",
                    "name": "minecraft:diorite",
                    "weight": 1
                },
				{
                    "type": "item",
                    "name": "minecraft:andesite",
                    "weight": 1
                },
				{
                    "type": "item",
                    "name": "minecraft:granite",
                    "weight": 1
                },
				{
                    "type": "item",
                    "name": "minecraft:netherrack",
                    "weight": 1
                },
				{
                    "type": "item",
                    "name": "minecraft:coal_ore",
                    "weight": 1
                },
				{
                    "type": "item",
                    "name": "minecraft:iron_ore",
                    "weight": 1
                },
				{
                    "type": "item",
                    "name": "minecraft:gold_ore",
                    "weight": 1
                },
				{
                    "type": "item",
                    "name": "minecraft:lapis_ore",
                    "weight": 1
                },
				{
                    "type": "item",
                    "name": "minecraft:redstone_ore",
                    "weight": 1
                },
				{
                    "type": "item",
                    "name": "minecraft:diamond_ore",
                    "weight": 1
                },
				{
                    "type": "item",
                    "name": "minecraft:emerald_ore",
                    "weight": 1
                },
				{
                    "type": "item",
                    "name": "minecraft:nether_quartz_ore",
                    "weight": 1
                }
			]
        }
    ]
}