{
	"parent": "orium:divination/apply_divinity",
	"display": {
		"icon": {
			"item": "minecraft:diamond_pickaxe",
			"nbt":"{CustomModelData:1,Enchantments:[{}]}"
		},
		"title": {
			"text": "Legendary"
		},
		"description": {
			"text": "Apply a divinity to a diamondsteel tool or weapon"
		},
		"frame": "challenge",
		"show_toast": true,
		"announce_to_chat": true,
		"hidden": true
	},
	"criteria": {
		"divine_diamondsteel": {
			"trigger": "minecraft:inventory_changed",
			"conditions": {
				"items": [
					{
						"nbt":"{divinities:[{}],diamondsteel:true}"
					}
				]
			}
		}
	},
	"requirements": [
		[
			"divine_diamondsteel"
		]
	]
}