{
	"parent": "orium:divination/apply_divinity",
	"display": {
		"icon": {
			"item": "minecraft:book",
			"nbt":"{CustomModelData:1,Enchantments:[{}]}"
		},
		"title": {
			"text": "Divine Enchanter"
		},
		"description": {
			"text": "Obtain every divinity"
		},
		"frame": "challenge",
		"show_toast": true,
		"announce_to_chat": true,
		"hidden": false
	},
	"rewards": {
		"experience": 500
	},
	"criteria": {
		"orium:soul_of_the_sea": {
			"trigger": "minecraft:inventory_changed",
			"conditions": {
				"items": [
					{
						"nbt":"{bookDivinity:{id:\"orium:soul_of_the_sea\"}}"
					}
				]
			}
		},
		"orium:spirit_vision": {
			"trigger": "minecraft:inventory_changed",
			"conditions": {
				"items": [
					{
						"nbt":"{bookDivinity:{id:\"orium:spirit_vision\"}}"
					}
				]
			}
		},
		"orium:recovery": {
			"trigger": "minecraft:inventory_changed",
			"conditions": {
				"items": [
					{
						"nbt":"{bookDivinity:{id:\"orium:recovery\"}}"
					}
				]
			}
		},
		"orium:hells_mercy": {
			"trigger": "minecraft:inventory_changed",
			"conditions": {
				"items": [
					{
						"nbt":"{bookDivinity:{id:\"orium:hells_mercy\"}}"
					}
				]
			}
		},
		"orium:swiftness": {
			"trigger": "minecraft:inventory_changed",
			"conditions": {
				"items": [
					{
						"nbt":"{bookDivinity:{id:\"orium:swiftness\"}}"
					}
				]
			}
		},
		"orium:waverider": {
			"trigger": "minecraft:inventory_changed",
			"conditions": {
				"items": [
					{
						"nbt":"{bookDivinity:{id:\"orium:waverider\"}}"
					}
				]
			}
		},
		"orium:gravity_magic": {
			"trigger": "minecraft:inventory_changed",
			"conditions": {
				"items": [
					{
						"nbt":"{bookDivinity:{id:\"orium:gravity_magic\"}}"
					}
				]
			}
		},
		"orium:excavation": {
			"trigger": "minecraft:inventory_changed",
			"conditions": {
				"items": [
					{
						"nbt":"{bookDivinity:{id:\"orium:excavation\"}}"
					}
				]
			}
		},
		"orium:hellwalker": {
			"trigger": "minecraft:inventory_changed",
			"conditions": {
				"items": [
					{
						"nbt":"{bookDivinity:{id:\"orium:hellwalker\"}}"
					}
				]
			}
		},
		"orium:aura_of_war": {
			"trigger": "minecraft:inventory_changed",
			"conditions": {
				"items": [
					{
						"nbt":"{bookDivinity:{id:\"orium:aura_of_war\"}}"
					}
				]
			}
		},
		"orium:frostbite": {
			"trigger": "minecraft:inventory_changed",
			"conditions": {
				"items": [
					{
						"nbt":"{bookDivinity:{id:\"orium:frostbite\"}}"
					}
				]
			}
		},
		"orium:toxicity": {
			"trigger": "minecraft:inventory_changed",
			"conditions": {
				"items": [
					{
						"nbt":"{bookDivinity:{id:\"orium:toxicity\"}}"
					}
				]
			}
		},
		"orium:vampirism": {
			"trigger": "minecraft:inventory_changed",
			"conditions": {
				"items": [
					{
						"nbt":"{bookDivinity:{id:\"orium:vampirism\"}}"
					}
				]
			}
		},
		"orium:expertise": {
			"trigger": "minecraft:inventory_changed",
			"conditions": {
				"items": [
					{
						"nbt":"{bookDivinity:{id:\"orium:expertise\"}}"
					}
				]
			}
		},
		"orium:magnetism": {
			"trigger": "minecraft:inventory_changed",
			"conditions": {
				"items": [
					{
						"nbt":"{bookDivinity:{id:\"orium:magnetism\"}}"
					}
				]
			}
		},
		"orium:splitfire": {
			"trigger": "minecraft:inventory_changed",
			"conditions": {
				"items": [
					{
						"nbt":"{bookDivinity:{id:\"orium:splitfire\"}}"
					}
				]
			}
		},
		"orium:tension": {
			"trigger": "minecraft:inventory_changed",
			"conditions": {
				"items": [
					{
						"nbt":"{bookDivinity:{id:\"orium:tension\"}}"
					}
				]
			}
		},
		"orium:scatter": {
			"trigger": "minecraft:inventory_changed",
			"conditions": {
				"items": [
					{
						"nbt":"{bookDivinity:{id:\"orium:scatter\"}}"
					}
				]
			}
		},
		"orium:everlasting": {
			"trigger": "minecraft:inventory_changed",
			"conditions": {
				"items": [
					{
						"nbt":"{bookDivinity:{id:\"orium:everlasting\"}}"
					}
				]
			}
		},
		"orium:luck": {
			"trigger": "minecraft:inventory_changed",
			"conditions": {
				"items": [
					{
						"nbt":"{bookDivinity:{id:\"orium:luck\"}}"
					}
				]
			}
		},
		"orium:smiting": {
			"trigger": "minecraft:inventory_changed",
			"conditions": {
				"items": [
					{
						"nbt":"{bookDivinity:{id:\"orium:smiting\"}}"
					}
				]
			}
		},
		"orium:concussive": {
			"trigger": "minecraft:inventory_changed",
			"conditions": {
				"items": [
					{
						"nbt":"{bookDivinity:{id:\"orium:concussive\"}}"
					}
				]
			}
		},
		"orium:temporal_bolt": {
			"trigger": "minecraft:inventory_changed",
			"conditions": {
				"items": [
					{
						"nbt":"{bookDivinity:{id:\"orium:temporal_bolt\"}}"
					}
				]
			}
		},
		"orium:fortification": {
			"trigger": "minecraft:inventory_changed",
			"conditions": {
				"items": [
					{
						"nbt":"{bookDivinity:{id:\"orium:fortification\"}}"
					}
				]
			}
		}
  },
  "requirements": [
    [
      "orium:soul_of_the_sea"
    ],
    [
      "orium:spirit_vision"
    ],
    [
      "orium:recovery"
    ],
    [
      "orium:hells_mercy"
    ],
    [
      "orium:swiftness"
    ],
    [
      "orium:waverider"
    ],
    [
      "orium:gravity_magic"
    ],
    [
      "orium:hellwalker"
    ],
    [
      "orium:aura_of_war"
    ],
    [
      "orium:frostbite"
    ],
    [
      "orium:toxicity"
    ],
    [
      "orium:vampirism"
    ],
    [
      "orium:excavation"
    ],
    [
      "orium:expertise"
    ],
    [
      "orium:magnetism"
    ],
    [
      "orium:everlasting"
    ],
    [
      "orium:luck"
    ],
    [
      "orium:splitfire"
    ],
    [
      "orium:scatter"
    ],
    [
      "orium:tension"
    ],
    [
      "orium:smiting"
    ],
    [
      "orium:concussive"
    ],
    [
      "orium:temporal_bolt"
    ],
    [
      "orium:fortification"
    ]
  ]
}