{
    "parent": "item/generated",
    "textures": {
        "layer0": "item/barrier"
    },
	"overrides": [
		{ "predicate": { "custom_model_data": 1 }, "model": "item/invalid_slot" },
		{ "predicate": { "custom_model_data": 2 }, "model": "item/arrow/0" },
		{ "predicate": { "custom_model_data": 3 }, "model": "item/arrow/1" },
		{ "predicate": { "custom_model_data": 4 }, "model": "item/arrow/2" },
		{ "predicate": { "custom_model_data": 5 }, "model": "item/arrow/3" },
		{ "predicate": { "custom_model_data": 6 }, "model": "item/arrow/4" },
		{ "predicate": { "custom_model_data": 7 }, "model": "item/arrow/5" },
		{ "predicate": { "custom_model_data": 8 }, "model": "item/arrow/6" },
		{ "predicate": { "custom_model_data": 9 }, "model": "item/arrow/7" },
		{ "predicate": { "custom_model_data": 10 }, "model": "item/arrow/8" },
		{ "predicate": { "custom_model_data": 11 }, "model": "item/arrow/9" }
	]
}
