{
	"textures": {
		"0": "item/gui_arrow/0"
	},
	"elements": [
		{
			"from": [0, 8, 0],
			"to": [16, 9, 16],
			"faces": {
				"north": {"uv": [0, 0, 16, 1], "texture": "#0"},
				"east": {"uv": [0, 0, 16, 1], "texture": "#0"},
				"south": {"uv": [0, 0, 16, 1], "texture": "#0"},
				"west": {"uv": [0, 0, 16, 1], "texture": "#0"},
				"up": {"uv": [0, 0, 16, 16], "texture": "#0"},
				"down": {"uv": [0, 0, 16, 16], "texture": "#0"}
			},
			"shade":false
		}
	],
	"display": {
		"gui": {
			"rotation": [90, 180, 180],
			"scale": [1.12, 1.12, 1.12]
		},
        "ground": {
            "rotation": [ 0, 0, 0 ],
            "translation": [ 0, 0, 0],
            "scale":[ 0.1, 0.1, 0.1 ]
        }
	}
}