{
    "pools": [
		{
            "rolls": 1,
            "entries": [
				{
                    "type": "loot_table",
                    "name": "orium:divinity",
                    "weight": 1,
					"conditions":[
						{
							"condition": "killed_by_player"
						}
					]
                },
				{
                    "type": "loot_table",
                    "name": "minecraft:entities/evoker_normal",
                    "weight": 1
                }
            ]
        }
    ]
}