{
    "pools": [
		{
            "rolls": 1,
            "entries": [
				{
                    "type": "loot_table",
                    "name": "orium:divinity",
                    "weight": 1,
                    "quality": 3,
					"conditions":[
						{
							"condition": "killed_by_player"
						},
						{
							"condition": "random_chance_with_looting",
							"chance": 0.03125,
							"looting_multiplier": 0.09375
						}
					]
                },
				{
                    "type": "loot_table",
                    "name": "minecraft:entities/stray_normal",
                    "weight": 1
                }
            ]
        }
    ]
}